circuit_name,baseline_mode,baseline_num_qudits,baseline_num_gates_original,baseline_total_shuttle_ops,baseline_swap_count,baseline_compile_time_s,baseline_congestion_events,baseline_qubo_triggers,baseline_qubo_accepted,baseline_qubo_acceptance_rate,baseline_kappa_mean,baseline_rho_mean,baseline_depth_mean,baseline_routing_cost_improvement,baseline_success,baseline_error_msg,hybrid_mode,hybrid_num_qudits,hybrid_num_gates_original,hybrid_total_shuttle_ops,hybrid_swap_count,hybrid_compile_time_s,hybrid_congestion_events,hybrid_qubo_triggers,hybrid_qubo_accepted,hybrid_qubo_acceptance_rate,hybrid_kappa_mean,hybrid_rho_mean,hybrid_depth_mean,hybrid_routing_cost_improvement,hybrid_success,hybrid_error_msg,shuttle_improvement,swap_improvement,time_overhead,verdict
008_chain_9q.qasm,baseline,9,11,35,14,0.024482999986503273,10,0,0,0.0,0.4971428571428571,0.7333333333333333,0.7,0.0,True,,hybrid_qubo,9,11,43,16,3.602392700035125,12,4,1,0.25,0.48373015873015873,0.7,0.5833333333333334,-0.22857142857142856,True,,-0.22857142857142856,-0.14285714285714285,146.1385329420828,qubo_loses
009_chain_16q.qasm,baseline,16,20,55,27,0.02230569999665022,18,0,0,0.0,0.5380952380952381,0.8148148148148148,0.7222222222222222,0.0,True,,hybrid_qubo,16,20,64,33,6.460992899956182,24,9,3,0.3333333333333333,0.5160714285714285,0.7569444444444444,0.6666666666666666,-0.16363636363636364,True,,-0.16363636363636364,-0.2222222222222222,288.6565855779674,qubo_loses
010_chain_6q.qasm,baseline,6,7,19,7,0.011500100023113191,5,0,0,0.0,0.4971428571428571,0.7333333333333333,0.6,0.0,True,,hybrid_qubo,6,7,25,9,1.3535835000220686,7,2,1,0.5,0.4530612244897959,0.6428571428571428,0.5714285714285714,-0.3157894736842105,True,,-0.3157894736842105,-0.2857142857142857,116.7018893141453,qubo_loses
011_chain_13q.qasm,baseline,13,16,49,21,0.025548200006596744,15,0,0,0.0,0.5114285714285715,0.7555555555555555,0.6666666666666666,0.0,True,,hybrid_qubo,13,16,61,25,3.3845074999844655,17,5,1,0.2,0.48851540616246497,0.7176470588235294,0.6470588235294118,-0.24489795918367346,True,,-0.24489795918367346,-0.19047619047619047,131.4753798353919,qubo_loses
012_chain_20q.qasm,baseline,20,25,71,36,0.05131819995585829,24,0,0,0.0,0.5410714285714285,0.8194444444444444,0.75,0.0,True,,hybrid_qubo,20,25,80,42,8.201910700008739,30,12,3,0.25,0.5228571428571428,0.7722222222222223,0.7,-0.1267605633802817,True,,-0.1267605633802817,-0.16666666666666666,158.82459842830946,qubo_loses
013_chain_10q.qasm,baseline,10,12,35,16,0.029335400031413883,11,0,0,0.0,0.525974025974026,0.7878787878787878,0.7272727272727273,0.0,True,,hybrid_qubo,10,12,44,20,3.385560200025793,15,5,2,0.4,0.49142857142857144,0.7111111111111111,0.6666666666666666,-0.2571428571428571,True,,-0.2571428571428571,-0.25,114.40869381022102,qubo_loses
014_chain_17q.qasm,baseline,17,22,63,29,0.062866699998267,20,0,0,0.0,0.5235714285714286,0.7833333333333333,0.7,0.0,True,,hybrid_qubo,17,22,87,39,5.412904199969489,28,8,4,0.5,0.4853741496598639,0.7035714285714285,0.6428571428571429,-0.38095238095238093,True,,-0.38095238095238093,-0.3448275862068966,85.10129369155217,qubo_loses
015_chain_7q.qasm,baseline,7,8,22,9,0.0135774000082165,6,0,0,0.0,0.5142857142857142,0.7777777777777778,0.6666666666666666,0.0,True,,hybrid_qubo,7,8,25,11,1.9664383999770507,8,3,1,0.3333333333333333,0.4982142857142857,0.7291666666666666,0.625,-0.13636363636363635,True,,-0.13636363636363635,-0.2222222222222222,143.83173499985568,qubo_loses
016_chain_14q.qasm,baseline,14,17,49,23,0.027778099989518523,16,0,0,0.0,0.5303571428571429,0.7916666666666666,0.6875,0.0,True,,hybrid_qubo,14,17,67,31,4.8955884000170045,24,7,4,0.5714285714285714,0.4857142857142857,0.6944444444444444,0.625,-0.3673469387755102,True,,-0.3673469387755102,-0.34782608695652173,175.23913809311117,qubo_loses
017_chain_4q.qasm,baseline,4,4,16,3,0.035021600022446364,3,0,0,0.0,0.35714285714285715,0.4444444444444444,0.3333333333333333,0.0,True,,hybrid_qubo,4,4,16,3,0.010404500004369766,3,0,0,0.0,0.35714285714285715,0.4444444444444444,0.3333333333333333,0.0,True,,0.0,0.0,-0.7029119172824423,tie
018_chain_11q.qasm,baseline,11,13,38,18,0.017511999991256744,12,0,0,0.0,0.5321428571428571,0.8055555555555556,0.75,0.0,True,,hybrid_qubo,11,13,41,20,4.247594499960542,14,6,1,0.16666666666666666,0.5204081632653061,0.7738095238095238,0.7142857142857143,-0.07894736842105263,True,,-0.07894736842105263,-0.1111111111111111,241.5533635267958,qubo_loses
019_chain_18q.qasm,baseline,18,23,63,31,0.038965400017332286,21,0,0,0.0,0.5374149659863946,0.8095238095238095,0.7142857142857143,0.0,True,,hybrid_qubo,18,23,93,43,6.352096099988557,31,9,5,0.5555555555555556,0.48678955453149003,0.7053763440860215,0.6451612903225806,-0.47619047619047616,True,,-0.47619047619047616,-0.3870967741935484,162.0188859132222,qubo_loses
020_chain_8q.qasm,baseline,8,10,30,11,0.021655499993357807,8,0,0,0.0,0.48392857142857143,0.7083333333333333,0.625,0.0,True,,hybrid_qubo,8,10,30,11,2.03101490001427,8,3,0,0.0,0.48392857142857143,0.7083333333333333,0.625,0.0,True,,0.0,0.0,92.78748588752163,tie
021_chain_15q.qasm,baseline,15,18,52,25,0.03137720003724098,17,0,0,0.0,0.534453781512605,0.803921568627451,0.7058823529411765,0.0,True,,hybrid_qubo,15,18,58,29,5.3713508999790065,21,8,2,0.25,0.5183673469387755,0.7619047619047619,0.6666666666666666,-0.11538461538461539,True,,-0.11538461538461539,-0.16,170.18643134517598,qubo_loses
022_chain_5q.qasm,baseline,5,5,16,5,0.0070674000307917595,4,0,0,0.0,0.4714285714285714,0.6666666666666666,0.5,0.0,True,,hybrid_qubo,5,5,22,7,0.6641040000249632,6,1,1,1.0,0.42857142857142855,0.5833333333333333,0.5,-0.375,True,,-0.375,-0.4,92.96722940990277,qubo_loses
023_chain_12q.qasm,baseline,12,15,46,20,0.046331999998074025,14,0,0,0.0,0.5122448979591837,0.7619047619047619,0.7142857142857143,0.0,True,,hybrid_qubo,12,15,58,24,3.391885999997612,16,5,1,0.2,0.48779761904761904,0.7208333333333333,0.6875,-0.2608695652173913,True,,-0.2608695652173913,-0.2,72.2082793779377,qubo_loses
024_chain_19q.qasm,baseline,19,24,66,33,0.03918980003800243,22,0,0,0.0,0.5402597402597402,0.8181818181818181,0.7272727272727273,0.0,True,,hybrid_qubo,19,24,75,39,7.670678999973461,28,11,3,0.2727272727272727,0.5209183673469387,0.7678571428571428,0.6785714285714286,-0.13636363636363635,True,,-0.13636363636363635,-0.18181818181818182,194.73151668381027,qubo_loses
025_chain_9q.qasm,baseline,9,11,30,13,0.01686669996706769,9,0,0,0.0,0.5206349206349207,0.7777777777777778,0.6666666666666666,0.0,True,,hybrid_qubo,9,11,39,17,2.680214899999555,13,4,2,0.5,0.4824175824175824,0.6923076923076923,0.6153846153846154,-0.3,True,,-0.3,-0.3076923076923077,157.90570800646762,qubo_loses
026_chain_16q.qasm,baseline,16,20,60,27,0.03238370001781732,19,0,0,0.0,0.5195488721804511,0.7719298245614035,0.6842105263157895,0.0,True,,hybrid_qubo,16,20,81,35,4.682181800017133,25,7,3,0.42857142857142855,0.4836190476190476,0.7013333333333334,0.64,-0.35,True,,-0.35,-0.2962962962962963,143.5845223813531,qubo_loses
027_chain_6q.qasm,baseline,6,6,19,7,0.008726100029889494,5,0,0,0.0,0.4971428571428571,0.7333333333333333,0.6,0.0,True,,hybrid_qubo,6,6,22,9,1.3320770999998786,7,2,1,0.5,0.4836734693877551,0.6904761904761905,0.5714285714285714,-0.15789473684210525,True,,-0.15789473684210525,-0.2857142857142857,151.65434678001827,qubo_loses
028_chain_13q.qasm,baseline,13,16,46,22,0.024076700035948306,15,0,0,0.0,0.5323809523809524,0.7999999999999999,0.7333333333333333,0.0,True,,hybrid_qubo,13,16,64,30,5.265946900006384,23,7,4,0.5714285714285714,0.48509316770186334,0.6956521739130435,0.6521739130434783,-0.391304347826087,True,,-0.391304347826087,-0.36363636363636365,217.7154756317906,qubo_loses
029_chain_20q.qasm,baseline,20,26,74,35,0.04954189999261871,24,0,0,0.0,0.5279761904761905,0.7916666666666666,0.7083333333333334,0.0,True,,hybrid_qubo,20,26,98,45,6.8528065999853425,32,10,4,0.4,0.4934523809523809,0.7197916666666666,0.65625,-0.32432432432432434,True,,-0.32432432432432434,-0.2857142857142857,137.32345148261064,qubo_loses
030_chain_10q.qasm,baseline,10,12,33,15,0.017246400006115437,10,0,0,0.0,0.5285714285714286,0.7999999999999999,0.7,0.0,True,,hybrid_qubo,10,12,36,17,3.4111424000002444,12,5,1,0.2,0.5154761904761904,0.7638888888888888,0.6666666666666666,-0.09090909090909091,True,,-0.09090909090909091,-0.13333333333333333,196.78866307117315,qubo_loses
031_chain_17q.qasm,baseline,17,21,60,29,0.040236499975435436,20,0,0,0.0,0.5342857142857143,0.7999999999999999,0.7,0.0,True,,hybrid_qubo,17,21,86,40,6.879531299986411,30,9,5,0.5555555555555556,0.48968253968253966,0.7066666666666667,0.6333333333333333,-0.43333333333333335,True,,-0.43333333333333335,-0.3793103448275862,169.9773788521963,qubo_loses
032_chain_7q.qasm,baseline,7,8,27,9,0.033337000000756234,7,0,0,0.0,0.4673469387755102,0.6666666666666666,0.5714285714285714,0.0,True,,hybrid_qubo,7,8,27,9,5.105768300010823,7,2,0,0.0,0.4673469387755102,0.6666666666666666,0.5714285714285714,0.0,True,,0.0,0.0,152.15620181465042,tie
033_chain_14q.qasm,baseline,14,17,49,24,0.0648771999985911,16,0,0,0.0,0.5366071428571428,0.8125,0.75,0.0,True,,hybrid_qubo,14,17,55,28,18.52764240000397,20,8,2,0.25,0.5192857142857142,0.7666666666666666,0.7,-0.12244897959183673,True,,-0.12244897959183673,-0.16666666666666666,284.5801791755243,qubo_loses
034_chain_4q.qasm,baseline,4,4,13,4,0.031009099970106035,3,0,0,0.0,0.4619047619047619,0.6666666666666666,0.6666666666666666,0.0,True,,hybrid_qubo,4,4,19,6,2.297247500042431,5,1,1,1.0,0.41428571428571426,0.5666666666666667,0.6,-0.46153846153846156,True,,-0.46153846153846156,-0.5,73.08301118887894,qubo_loses
035_chain_11q.qasm,baseline,11,14,41,17,0.044429400004446507,12,0,0,0.0,0.5059523809523809,0.75,0.6666666666666666,0.0,True,,hybrid_qubo,11,14,53,21,9.3065435999888,14,4,1,0.25,0.47891156462585033,0.7047619047619047,0.6428571428571429,-0.2926829268292683,True,,-0.2926829268292683,-0.23529411764705882,208.4681359428081,qubo_loses
036_chain_18q.qasm,baseline,18,22,63,31,0.0705350999487564,21,0,0,0.0,0.5374149659863946,0.8095238095238095,0.7142857142857143,0.0,True,,hybrid_qubo,18,22,72,37,23.03541040001437,27,10,3,0.3,0.517989417989418,0.7592592592592592,0.6666666666666666,-0.14285714285714285,True,,-0.14285714285714285,-0.1935483870967742,325.58081461215124,qubo_loses
037_chain_8q.qasm,baseline,8,9,27,11,0.04744870000286028,8,0,0,0.0,0.5107142857142857,0.75,0.625,0.0,True,,hybrid_qubo,8,9,33,13,7.160539200005587,10,3,1,0.3333333333333333,0.47714285714285715,0.6833333333333333,0.6,-0.2222222222222222,True,,-0.2222222222222222,-0.18181818181818182,149.9111777472078,qubo_loses
038_chain_15q.qasm,baseline,15,19,57,26,0.057084100029896945,18,0,0,0.0,0.5206349206349207,0.7777777777777778,0.7222222222222222,0.0,True,,hybrid_qubo,15,19,78,34,17.032039700017776,24,7,3,0.42857142857142855,0.48293650793650794,0.7027777777777777,0.6666666666666666,-0.3684210526315789,True,,-0.3684210526315789,-0.3076923076923077,297.36749096679284,qubo_loses
039_chain_5q.qasm,baseline,5,5,16,6,0.01853790000313893,4,0,0,0.0,0.49642857142857144,0.75,0.75,0.0,True,,hybrid_qubo,5,5,19,8,4.829784200002905,6,2,1,0.5,0.48095238095238096,0.6944444444444444,0.6666666666666666,-0.1875,True,,-0.1875,-0.3333333333333333,259.5356701236441,qubo_loses
040_chain_12q.qasm,baseline,12,15,41,19,0.05855270003667101,13,0,0,0.0,0.5296703296703297,0.7948717948717948,0.6923076923076923,0.0,True,,hybrid_qubo,12,15,53,25,15.17895299999509,19,6,3,0.5,0.4932330827067669,0.7105263157894737,0.631578947368421,-0.2926829268292683,True,,-0.2926829268292683,-0.3157894736842105,258.2357481463477,qubo_loses
041_chain_19q.qasm,baseline,19,24,71,33,0.08224349998636171,23,0,0,0.0,0.5248447204968943,0.782608695652174,0.6956521739130435,0.0,True,,hybrid_qubo,19,24,95,43,24.14006559998961,31,9,4,0.4444444444444444,0.4900153609831029,0.710752688172043,0.6451612903225806,-0.3380281690140845,True,,-0.3380281690140845,-0.30303030303030304,292.5194344111415,qubo_loses
042_chain_9q.qasm,baseline,9,10,30,13,0.035698499996215105,9,0,0,0.0,0.5206349206349207,0.7777777777777778,0.6666666666666666,0.0,True,,hybrid_qubo,9,10,33,15,10.451288899988867,11,4,1,0.25,0.5077922077922078,0.7424242424242424,0.6363636363636364,-0.1,True,,-0.1,-0.15384615384615385,291.7654915779922,qubo_loses
043_chain_16q.qasm,baseline,16,20,57,28,0.06899780000094324,19,0,0,0.0,0.5360902255639097,0.8070175438596491,0.7368421052631579,0.0,True,,hybrid_qubo,16,20,83,38,14.492640800017398,29,9,5,0.5555555555555556,0.48932676518883417,0.7034482758620689,0.6206896551724138,-0.45614035087719296,True,,-0.45614035087719296,-0.35714285714285715,209.04496954713446,qubo_loses
044_chain_6q.qasm,baseline,6,7,24,8,0.012037099979352206,6,0,0,0.0,0.4619047619047619,0.6666666666666666,0.6666666666666666,0.0,True,,hybrid_qubo,6,7,24,8,1.2852495000115596,6,2,0,0.0,0.4619047619047619,0.6666666666666666,0.6666666666666666,0.0,True,,0.0,0.0,105.77401552003451,tie
045_chain_13q.qasm,baseline,13,16,44,21,0.030664300022181123,14,0,0,0.0,0.5346938775510204,0.8095238095238095,0.7142857142857143,0.0,True,,hybrid_qubo,13,16,50,25,4.519979599979706,18,7,2,0.2857142857142857,0.5158730158730158,0.7592592592592592,0.6666666666666666,-0.13636363636363635,True,,-0.13636363636363635,-0.19047619047619047,146.40201461341573,qubo_loses
046_star_20q.qasm,baseline,20,25,328,145,0.12155889999121428,25,0,0,0.0,0.37405854359218205,0.6368555132782062,0.52,0.0,True,,hybrid_qubo,20,25,328,145,0.07475379999959841,25,0,0,0.0,0.37405854359218205,0.6368555132782062,0.52,0.0,True,,0.0,0.0,-0.3850405029578149,tie
047_star_10q.qasm,baseline,10,12,120,44,0.028111399966292083,11,0,0,0.0,0.3448952031487917,0.5637042695866226,0.45454545454545453,0.0,True,,hybrid_qubo,10,12,120,44,0.03049460001057014,11,0,0,0.0,0.3448952031487917,0.5637042695866226,0.45454545454545453,0.0,True,,0.0,0.0,0.0847769960633662,tie
048_star_17q.qasm,baseline,17,21,250,94,0.06540969997877255,19,0,0,0.0,0.3419694695236491,0.5597650653084624,0.3157894736842105,0.0,True,,hybrid_qubo,17,21,250,94,0.06985130003886297,19,0,0,0.0,0.3419694695236491,0.5597650653084624,0.3157894736842105,0.0,True,,0.0,0.0,0.06790430259627933,tie
049_star_7q.qasm,baseline,7,8,37,14,0.01671080000232905,8,0,0,0.0,0.39092261904761905,0.5728174603174603,0.75,0.0,True,,hybrid_qubo,7,8,37,14,0.016715899982955307,8,0,0,0.0,0.39092261904761905,0.5728174603174603,0.75,0.0,True,,0.0,0.0,0.0003051906925786163,tie
050_star_14q.qasm,baseline,14,17,189,78,0.05108669999754056,17,0,0,0.0,0.3449903038138332,0.5649757995755003,0.35294117647058826,0.0,True,,hybrid_qubo,14,17,189,78,0.05372750002425164,17,0,0,0.0,0.3449903038138332,0.5649757995755003,0.35294117647058826,0.0,True,,0.0,0.0,0.05169251540691033,tie
051_star_4q.qasm,baseline,4,4,12,3,0.006782700016628951,3,0,0,0.0,0.3888888888888889,0.4888888888888889,0.3333333333333333,0.0,True,,hybrid_qubo,4,4,12,3,0.0073084000032395124,3,0,0,0.0,0.3888888888888889,0.4888888888888889,0.3333333333333333,0.0,True,,0.0,0.0,0.07750600576786804,tie
052_star_11q.qasm,baseline,11,13,80,29,0.02499170001829043,10,0,0,0.0,0.38704048582995954,0.5770467836257309,0.8,0.0,True,,hybrid_qubo,11,13,80,29,0.02189649996580556,10,0,0,0.0,0.38704048582995954,0.5770467836257309,0.8,0.0,True,,0.0,0.0,-0.12384911991659697,tie
053_star_18q.qasm,baseline,18,23,251,101,0.07132160000037402,22,0,0,0.0,0.3577408042815513,0.6104032924888539,0.5,0.0,True,,hybrid_qubo,18,23,251,101,0.06738749996293336,22,0,0,0.0,0.3577408042815513,0.6104032924888539,0.5,0.0,True,,0.0,0.0,-0.05516000815208899,tie
054_star_8q.qasm,baseline,8,9,60,24,0.028478199965320528,9,0,0,0.0,0.3943748259537733,0.6128205128205128,0.3333333333333333,0.0,True,,hybrid_qubo,8,9,60,24,0.0271608000039123,9,0,0,0.0,0.3943748259537733,0.6128205128205128,0.3333333333333333,0.0,True,,0.0,0.0,-0.04625994490566465,tie
055_star_15q.qasm,baseline,15,19,202,84,0.05425520002609119,19,0,0,0.0,0.34245500467904727,0.5487835951458242,0.3684210526315789,0.0,True,,hybrid_qubo,15,19,202,84,0.05820190004305914,19,0,0,0.0,0.34245500467904727,0.5487835951458242,0.3684210526315789,0.0,True,,0.0,0.0,0.07274325806687654,tie
056_star_5q.qasm,baseline,5,5,23,7,0.007373400032520294,4,0,0,0.0,0.3944805194805195,0.5666666666666667,0.75,0.0,True,,hybrid_qubo,5,5,23,7,0.007882000005338341,4,0,0,0.0,0.3944805194805195,0.5666666666666667,0.75,0.0,True,,0.0,0.0,0.06897767252215692,tie
057_star_12q.qasm,baseline,12,15,150,61,0.039510699978563935,15,0,0,0.0,0.34974102957973924,0.5761867413632119,0.4,0.0,True,,hybrid_qubo,12,15,150,61,0.04138690000399947,15,0,0,0.0,0.34974102957973924,0.5761867413632119,0.4,0.0,True,,0.0,0.0,0.04748587158550599,tie
058_star_19q.qasm,baseline,19,24,271,120,0.07901480002328753,24,0,0,0.0,0.363415404040404,0.6032984341760053,0.4583333333333333,0.0,True,,hybrid_qubo,19,24,271,120,0.06922750000376254,24,0,0,0.0,0.363415404040404,0.6032984341760053,0.4583333333333333,0.0,True,,0.0,0.0,-0.12386666822722381,tie
059_star_9q.qasm,baseline,9,11,111,36,0.02541679999558255,10,0,0,0.0,0.3015063776093188,0.48512414056531705,0.4,0.0,True,,hybrid_qubo,9,11,111,36,0.028265299974009395,10,0,0,0.0,0.3015063776093188,0.48512414056531705,0.4,0.0,True,,0.0,0.0,0.11207154240195116,tie
060_star_16q.qasm,baseline,16,20,283,115,0.07079809997230768,18,0,0,0.0,0.3333077901806055,0.5904861730123732,0.3333333333333333,0.0,True,,hybrid_qubo,16,20,283,115,0.06779679999453947,18,0,0,0.0,0.3333077901806055,0.5904861730123732,0.3333333333333333,0.0,True,,0.0,0.0,-0.04239238028904946,tie
061_star_6q.qasm,baseline,6,7,31,8,0.011790199961978942,3,0,0,0.0,0.3470238095238095,0.5481481481481482,0.6666666666666666,0.0,True,,hybrid_qubo,6,7,31,8,0.008111999952234328,3,0,0,0.0,0.3470238095238095,0.5481481481481482,0.6666666666666666,0.0,True,,0.0,0.0,-0.3119709607645401,tie
062_star_13q.qasm,baseline,13,16,155,63,0.04412919998867437,14,0,0,0.0,0.3536762272476558,0.5934381438126415,0.5,0.0,True,,hybrid_qubo,13,16,155,63,0.04774750000797212,14,0,0,0.0,0.3536762272476558,0.5934381438126415,0.5,0.0,True,,0.0,0.0,0.08199332913867408,tie
063_star_20q.qasm,baseline,20,25,361,145,0.09233889996539801,24,0,0,0.0,0.3436260441095799,0.575644790793695,0.4583333333333333,0.0,True,,hybrid_qubo,20,25,361,145,0.09344609995605424,24,0,0,0.0,0.3436260441095799,0.575644790793695,0.4583333333333333,0.0,True,,0.0,0.0,0.011990612743612017,tie
064_star_10q.qasm,baseline,10,12,88,36,0.02625840000109747,12,0,0,0.0,0.3696581196581197,0.5614749984315202,0.3333333333333333,0.0,True,,hybrid_qubo,10,12,88,36,0.026487600000109524,12,0,0,0.0,0.3696581196581197,0.5614749984315202,0.3333333333333333,0.0,True,,0.0,0.0,0.008728635370109039,tie
065_star_17q.qasm,baseline,17,21,356,139,0.09353509999345988,20,0,0,0.0,0.32675097055184266,0.5536640787574164,0.3,0.0,True,,hybrid_qubo,17,21,356,139,0.0807312999968417,20,0,0,0.0,0.32675097055184266,0.5536640787574164,0.3,0.0,True,,0.0,0.0,-0.13688764963648348,tie
066_star_7q.qasm,baseline,7,8,36,12,0.013279900013003498,7,0,0,0.0,0.37074829931972786,0.5149659863945578,0.2857142857142857,0.0,True,,hybrid_qubo,7,8,36,12,0.012620499997865409,7,0,0,0.0,0.37074829931972786,0.5149659863945578,0.2857142857142857,0.0,True,,0.0,0.0,-0.04965398944965049,tie
067_star_14q.qasm,baseline,14,17,168,68,0.047123100026510656,16,0,0,0.0,0.3531690896822476,0.5766219352444989,0.4375,0.0,True,,hybrid_qubo,14,17,168,68,0.0535505999578163,16,0,0,0.0,0.3531690896822476,0.5766219352444989,0.4375,0.0,True,,0.0,0.0,0.13639807074852128,tie
068_star_4q.qasm,baseline,4,4,19,5,0.007572000031359494,4,0,0,0.0,0.3547619047619047,0.4611111111111111,0.5,0.0,True,,hybrid_qubo,4,4,19,5,0.006195700028911233,4,0,0,0.0,0.3547619047619047,0.4611111111111111,0.5,0.0,True,,0.0,0.0,-0.18176175340046274,tie
069_star_11q.qasm,baseline,11,13,124,42,0.034985900041647255,13,0,0,0.0,0.3362271062271062,0.5024897807506503,0.3076923076923077,0.0,True,,hybrid_qubo,11,13,124,42,0.033578099973965436,13,0,0,0.0,0.3362271062271062,0.5024897807506503,0.3076923076923077,0.0,True,,0.0,0.0,-0.04023906962536261,tie
070_star_18q.qasm,baseline,18,23,356,157,0.09269149997271597,22,0,0,0.0,0.350221088292845,0.6234790928555742,0.3181818181818182,0.0,True,,hybrid_qubo,18,23,356,157,0.08781990001443774,22,0,0,0.0,0.350221088292845,0.6234790928555742,0.3181818181818182,0.0,True,,0.0,0.0,-0.052557138030048134,tie
071_star_8q.qasm,baseline,8,9,71,24,0.024826099979691207,9,0,0,0.0,0.34864592035644665,0.5410934744268078,0.5555555555555556,0.0,True,,hybrid_qubo,8,9,71,24,0.027352700009942055,9,0,0,0.0,0.34864592035644665,0.5410934744268078,0.5555555555555556,0.0,True,,0.0,0.0,0.10177192681563807,tie
072_star_15q.qasm,baseline,15,19,242,94,0.09058980003464967,18,0,0,0.0,0.34638908809660446,0.5803315743137725,0.3333333333333333,0.0,True,,hybrid_qubo,15,19,242,94,0.06498329999158159,18,0,0,0.0,0.34638908809660446,0.5803315743137725,0.3333333333333333,0.0,True,,0.0,0.0,-0.2826642738285531,tie
073_star_5q.qasm,baseline,5,5,27,8,0.008811299980152398,4,0,0,0.0,0.3344988344988345,0.475,0.5,0.0,True,,hybrid_qubo,5,5,27,8,0.011041300022043288,4,0,0,0.0,0.3344988344988345,0.475,0.5,0.0,True,,0.0,0.0,0.25308411323119206,tie
074_star_12q.qasm,baseline,12,15,122,50,0.03627080004662275,12,0,0,0.0,0.39520123596210555,0.6446969696969697,0.5,0.0,True,,hybrid_qubo,12,15,122,50,0.05090630002086982,12,0,0,0.0,0.39520123596210555,0.6446969696969697,0.5,0.0,True,,0.0,0.0,0.40350640061521914,tie
075_star_19q.qasm,baseline,19,24,319,134,0.07721469999523833,24,0,0,0.0,0.3560975170958486,0.5942962135366695,0.5416666666666666,0.0,True,,hybrid_qubo,19,24,319,134,0.11824300000444055,24,0,0,0.0,0.3560975170958486,0.5942962135366695,0.5416666666666666,0.0,True,,0.0,0.0,0.531353485951928,tie
076_star_9q.qasm,baseline,9,11,61,21,0.015704199962783605,7,0,0,0.0,0.39319727891156464,0.6217466743782533,0.5714285714285714,0.0,True,,hybrid_qubo,9,11,61,21,0.01659690000815317,7,0,0,0.0,0.39319727891156464,0.6217466743782533,0.5714285714285714,0.0,True,,0.0,0.0,0.056844668781925733,tie
077_star_16q.qasm,baseline,16,20,286,120,0.07691950001753867,19,0,0,0.0,0.3337775378069385,0.5865917388069625,0.2631578947368421,0.0,True,,hybrid_qubo,16,20,286,120,0.0811593999969773,19,0,0,0.0,0.3337775378069385,0.5865917388069625,0.2631578947368421,0.0,True,,0.0,0.0,0.05512126285885732,tie
078_star_6q.qasm,baseline,6,7,30,11,0.01108830003067851,7,0,0,0.0,0.44242424242424244,0.6190476190476191,0.42857142857142855,0.0,True,,hybrid_qubo,6,7,30,11,0.011371499975211918,7,0,0,0.0,0.44242424242424244,0.6190476190476191,0.42857142857142855,0.0,True,,0.0,0.0,0.025540429439126378,tie
079_star_13q.qasm,baseline,13,16,168,65,0.047520100022666156,15,0,0,0.0,0.33000256322624744,0.5375502992929361,0.2,0.0,True,,hybrid_qubo,13,16,168,65,0.05310069996630773,15,0,0,0.0,0.33000256322624744,0.5375502992929361,0.2,0.0,True,,0.0,0.0,0.11743662031392477,tie
080_star_20q.qasm,baseline,20,25,380,160,0.0972621000255458,24,0,0,0.0,0.3471848835688121,0.6053606068976439,0.375,0.0,True,,hybrid_qubo,20,25,380,160,0.10474400001112372,24,0,0,0.0,0.3471848835688121,0.6053606068976439,0.375,0.0,True,,0.0,0.0,0.07692513305401372,tie
081_star_10q.qasm,baseline,10,12,117,39,0.03149590000975877,11,0,0,0.0,0.3134999344090253,0.48830731558004287,0.2727272727272727,0.0,True,,hybrid_qubo,10,12,117,39,0.051904399995692074,11,0,0,0.0,0.3134999344090253,0.48830731558004287,0.2727272727272727,0.0,True,,0.0,0.0,0.6479732276140666,tie
082_star_17q.qasm,baseline,17,21,263,110,0.0676802999805659,21,0,0,0.0,0.35531506308817234,0.5875986687050858,0.38095238095238093,0.0,True,,hybrid_qubo,17,21,263,110,0.07738659996539354,21,0,0,0.0,0.35531506308817234,0.5875986687050858,0.38095238095238093,0.0,True,,0.0,0.0,0.1434139622255628,tie
083_star_7q.qasm,baseline,7,8,30,10,0.013150299957487732,7,0,0,0.0,0.40476190476190477,0.5493506493506494,0.42857142857142855,0.0,True,,hybrid_qubo,7,8,30,10,0.012895599997136742,7,0,0,0.0,0.40476190476190477,0.5493506493506494,0.42857142857142855,0.0,True,,0.0,0.0,-0.01936837647615519,tie
084_long_range_14q.qasm,baseline,14,21,154,62,0.0395392999635078,12,0,0,0.0,0.36983484351905405,0.6266318841976737,0.5,0.0,True,,hybrid_qubo,14,21,154,62,0.1727697000023909,12,1,0,0.0,0.36983484351905405,0.6266318841976737,0.5,0.0,True,,0.0,0.0,3.3695690151784694,tie
085_long_range_4q.qasm,baseline,4,6,16,4,0.006526999990455806,2,0,0,0.0,0.38095238095238093,0.5833333333333333,0.5,0.0,True,,hybrid_qubo,4,6,16,4,0.007696799992118031,2,0,0,0.0,0.38095238095238093,0.5833333333333333,0.5,0.0,True,,0.0,0.0,0.1792247592113958,tie
086_long_range_11q.qasm,baseline,11,16,180,77,0.0566724999807775,15,0,0,0.0,0.35646059593428014,0.6167857188458652,0.6666666666666666,0.0,True,,hybrid_qubo,11,16,180,77,0.04584279999835417,15,0,0,0.0,0.35646059593428014,0.6167857188458652,0.6666666666666666,0.0,True,,0.0,0.0,-0.19109268139038538,tie
087_long_range_18q.qasm,baseline,18,27,258,108,0.06514580000657588,18,0,0,0.0,0.3710806931859563,0.624554332931526,0.5,0.0,True,,hybrid_qubo,18,27,258,108,0.3274442999972962,18,2,0,0.0,0.3710806931859563,0.624554332931526,0.5,0.0,True,,0.0,0.0,4.02633016962327,tie
088_long_range_8q.qasm,baseline,8,12,72,26,0.05998310004360974,8,0,0,0.0,0.3782051282051282,0.6136904761904762,0.625,0.0,True,,hybrid_qubo,8,12,72,26,0.17308799998136237,8,1,0,0.0,0.3782051282051282,0.6136904761904762,0.625,0.0,True,,0.0,0.0,1.8856127785246435,tie
089_long_range_15q.qasm,baseline,15,22,354,157,0.10150610003620386,22,0,0,0.0,0.36047012459067795,0.6383661733398694,0.6818181818181818,0.0,True,,hybrid_qubo,15,22,354,157,0.08285659999819472,22,0,0,0.0,0.36047012459067795,0.6383661733398694,0.6818181818181818,0.0,True,,0.0,0.0,-0.18372787479134234,tie
090_long_range_5q.qasm,baseline,5,7,32,11,0.016584399971179664,5,0,0,0.0,0.4083333333333333,0.6367099567099567,0.6,0.0,True,,hybrid_qubo,5,7,38,14,0.6516329000005499,7,1,1,1.0,0.4284013605442177,0.6379430093715808,0.5714285714285714,-0.1875,True,,-0.1875,-0.2727272727272727,38.29191898006296,qubo_loses
091_long_range_12q.qasm,baseline,12,18,152,62,0.04602609999710694,12,0,0,0.0,0.36549707602339176,0.6286299348799349,0.5833333333333334,0.0,True,,hybrid_qubo,12,18,152,62,0.1738619999960065,12,1,0,0.0,0.36549707602339176,0.6286299348799349,0.5833333333333334,0.0,True,,0.0,0.0,2.777465394785457,tie
092_long_range_19q.qasm,baseline,19,28,568,251,0.13584440003614873,28,0,0,0.0,0.3503958833678659,0.6311805300646941,0.6785714285714286,0.0,True,,hybrid_qubo,19,28,568,251,0.1374109999742359,28,0,0,0.0,0.3503958833678659,0.6311805300646941,0.6785714285714286,0.0,True,,0.0,0.0,0.011532311509862003,tie
093_long_range_9q.qasm,baseline,9,13,110,44,0.029726199980359524,13,0,0,0.0,0.3748001998001998,0.6048434547942713,0.6153846153846154,0.0,True,,hybrid_qubo,9,13,110,44,0.18446710001444444,13,1,0,0.0,0.3748001998001998,0.6048434547942713,0.6153846153846154,0.0,True,,0.0,0.0,5.205539225878995,tie
094_long_range_16q.qasm,baseline,16,24,272,116,0.06752549996599555,17,0,0,0.0,0.3741176470588235,0.6535602941949691,0.5882352941176471,0.0,True,,hybrid_qubo,16,24,272,116,0.32086829998297617,17,2,0,0.0,0.3741176470588235,0.6535602941949691,0.5882352941176471,0.0,True,,0.0,0.0,3.7518093186212447,tie
095_long_range_6q.qasm,baseline,6,9,26,8,0.009969900012947619,3,0,0,0.0,0.36507936507936506,0.5793650793650793,0.3333333333333333,0.0,True,,hybrid_qubo,6,9,26,8,0.011717099987436086,3,0,0,0.0,0.36507936507936506,0.5793650793650793,0.3333333333333333,0.0,True,,0.0,0.0,0.17524749217338487,tie
096_long_range_13q.qasm,baseline,13,19,218,93,0.05933260003803298,17,0,0,0.0,0.35763181455222975,0.6240594021519917,0.6470588235294118,0.0,True,,hybrid_qubo,13,19,218,93,0.05933660001028329,17,0,0,0.0,0.35763181455222975,0.6240594021519917,0.6470588235294118,0.0,True,,0.0,0.0,6.741609583515995e-05,tie
097_long_range_20q.qasm,baseline,20,30,416,184,0.09877079998841509,21,0,0,0.0,0.3671274961597542,0.6551793695026777,0.5714285714285714,0.0,True,,hybrid_qubo,20,30,416,184,0.3540672000381164,21,2,0,0.0,0.3671274961597542,0.6551793695026777,0.5714285714285714,0.0,True,,0.0,0.0,2.5847355704281556,tie
098_long_range_10q.qasm,baseline,10,15,82,30,0.03522189997602254,9,0,0,0.0,0.3707773707773708,0.5874236874236874,0.4444444444444444,0.0,True,,hybrid_qubo,10,15,82,30,0.1597629000316374,9,1,0,0.0,0.3707773707773708,0.5874236874236874,0.4444444444444444,0.0,True,,0.0,0.0,3.535896704618339,tie
099_long_range_17q.qasm,baseline,17,25,363,158,0.10846540000056848,24,0,0,0.0,0.3535859277857522,0.6124876747334519,0.625,0.0,True,,hybrid_qubo,17,25,363,158,0.22532110003521666,24,1,0,0.0,0.3535859277857522,0.6124876747334519,0.625,0.0,True,,0.0,0.0,1.077354622156335,tie
100_long_range_7q.qasm,baseline,7,10,66,30,0.02722869999706745,10,0,0,0.0,0.3862878787878788,0.6167023172905526,0.7,0.0,True,,hybrid_qubo,7,10,66,30,0.020409099990502,10,0,0,0.0,0.3862878787878788,0.6167023172905526,0.7,0.0,True,,0.0,0.0,-0.250456320253994,tie
101_long_range_14q.qasm,baseline,14,21,222,93,0.06384479999542236,20,0,0,0.0,0.41209439494391553,0.6791454739790653,0.7,0.0,True,,hybrid_qubo,14,21,222,93,0.5894271999713965,20,4,0,0.0,0.41209439494391553,0.6791454739790653,0.7,0.0,True,,0.0,0.0,8.232188056249813,tie
102_long_range_4q.qasm,baseline,4,6,20,6,0.010264100041240454,4,0,0,0.0,0.44047619047619047,0.625,0.75,0.0,True,,hybrid_qubo,4,6,20,6,0.01063199999043718,4,0,0,0.0,0.44047619047619047,0.625,0.75,0.0,True,,0.0,0.0,0.03584337133489823,tie
103_long_range_11q.qasm,baseline,11,16,167,74,0.08949719998054206,16,0,0,0.0,0.4013249269005848,0.6842513075062242,0.625,0.0,True,,hybrid_qubo,11,16,167,74,0.5111306000035256,16,2,0,0.0,0.4013249269005848,0.6842513075062242,0.625,0.0,True,,0.0,0.0,4.711135098245001,tie
104_long_range_18q.qasm,baseline,18,27,328,141,0.09077759995125234,21,0,0,0.0,0.38201446979642467,0.6565141461538543,0.9047619047619048,0.0,True,,hybrid_qubo,18,27,328,141,0.3437466000323184,21,2,0,0.0,0.38201446979642467,0.6565141461538543,0.9047619047619048,0.0,True,,0.0,0.0,2.7866896703251753,tie
105_long_range_8q.qasm,baseline,8,12,46,18,0.0293818999780342,9,0,0,0.0,0.4148148148148148,0.6,0.6666666666666666,0.0,True,,hybrid_qubo,8,12,46,18,0.15966599999228492,9,1,0,0.0,0.4148148148148148,0.6,0.6666666666666666,0.0,True,,0.0,0.0,4.434161851740379,tie
106_long_range_15q.qasm,baseline,15,22,320,146,0.08571449998999014,22,0,0,0.0,0.3670570263909022,0.6439393543646296,0.6818181818181818,0.0,True,,hybrid_qubo,15,22,320,146,0.13405649998458102,22,0,0,0.0,0.3670570263909022,0.6439393543646296,0.6818181818181818,0.0,True,,0.0,0.0,0.563988590031282,tie
107_long_range_5q.qasm,baseline,5,7,32,6,0.009296700009144843,4,0,0,0.0,0.39285714285714285,0.553030303030303,0.75,0.0,True,,hybrid_qubo,5,7,32,6,0.13646899996092543,4,1,0,0.0,0.39285714285714285,0.553030303030303,0.75,0.0,True,,0.0,0.0,13.679294784889864,tie
108_long_range_12q.qasm,baseline,12,18,192,70,0.0530686000129208,17,0,0,0.0,0.36268925433012117,0.5996560509308643,0.7058823529411765,0.0,True,,hybrid_qubo,12,18,192,70,0.3282474000006914,17,2,0,0.0,0.36268925433012117,0.5996560509308643,0.7058823529411765,0.0,True,,0.0,0.0,5.18534123607504,tie
109_long_range_19q.qasm,baseline,19,28,499,237,0.14734010002575815,29,0,0,0.0,0.3649023311464212,0.6537477631580864,0.7241379310344828,0.0,True,,hybrid_qubo,19,28,499,237,0.13538490002974868,29,0,0,0.0,0.3649023311464212,0.6537477631580864,0.7241379310344828,0.0,True,,0.0,0.0,-0.08114016478826502,tie
110_long_range_9q.qasm,baseline,9,13,128,50,0.03342219995101914,14,0,0,0.0,0.36483457019171306,0.5920028455286037,0.6428571428571429,0.0,True,,hybrid_qubo,9,13,128,50,0.04124779999256134,14,0,0,0.0,0.36483457019171306,0.5920028455286037,0.6428571428571429,0.0,True,,0.0,0.0,0.23414377428807098,tie
111_long_range_16q.qasm,baseline,16,24,268,110,0.08249369997065514,18,0,0,0.0,0.3465309099935227,0.6077585978024574,0.6666666666666666,0.0,True,,hybrid_qubo,16,24,268,110,0.7070911000482738,18,1,0,0.0,0.3465309099935227,0.6077585978024574,0.6666666666666666,0.0,True,,0.0,0.0,7.57145576328619,tie
112_long_range_6q.qasm,baseline,6,9,40,13,0.041377499990630895,5,0,0,0.0,0.3657142857142857,0.5809523809523809,0.6,0.0,True,,hybrid_qubo,6,9,40,13,0.014664699963759631,5,0,0,0.0,0.3657142857142857,0.5809523809523809,0.6,0.0,True,,0.0,0.0,-0.6455875785854592,tie
113_long_range_13q.qasm,baseline,13,19,208,82,0.0531362000037916,16,0,0,0.0,0.3426816056750267,0.5825292550488776,0.625,0.0,True,,hybrid_qubo,13,19,208,82,0.06153949996223673,16,0,0,0.0,0.3426816056750267,0.5825292550488776,0.625,0.0,True,,0.0,0.0,0.1581464229253411,tie
114_long_range_20q.qasm,baseline,20,30,481,208,0.1153321000165306,28,0,0,0.0,0.3897082504602765,0.665593202049969,0.5357142857142857,0.0,True,,hybrid_qubo,20,30,481,208,0.8358195000328124,28,3,0,0.0,0.3897082504602765,0.665593202049969,0.5357142857142857,0.0,True,,0.0,0.0,6.247067381180209,tie
115_long_range_10q.qasm,baseline,10,15,104,45,0.03866229997947812,13,0,0,0.0,0.4288003663003663,0.6765692075646826,0.6923076923076923,0.0,True,,hybrid_qubo,10,15,104,45,0.1722715999931097,13,1,0,0.0,0.4288003663003663,0.6765692075646826,0.6923076923076923,0.0,True,,0.0,0.0,3.4558032006515687,tie
116_long_range_17q.qasm,baseline,17,25,395,154,0.11110699997516349,24,0,0,0.0,0.3534145312590252,0.6185170406693776,0.5833333333333334,0.0,True,,hybrid_qubo,17,25,395,154,6.293279199977405,24,3,0,0.0,0.3534145312590252,0.6185170406693776,0.5833333333333334,0.0,True,,0.0,0.0,55.64160855197409,tie
117_long_range_7q.qasm,baseline,7,10,51,26,0.028390300052706152,10,0,0,0.0,0.4523015873015873,0.7198841354723707,0.9,0.0,True,,hybrid_qubo,7,10,51,26,0.3342310000443831,10,1,0,0.0,0.4523015873015873,0.7198841354723707,0.9,0.0,True,,0.0,0.0,10.772718126398399,tie
118_long_range_14q.qasm,baseline,14,21,222,85,0.06701080000493675,16,0,0,0.0,0.35411434812750603,0.6122587116830538,0.5625,0.0,True,,hybrid_qubo,14,21,222,85,0.696419199986849,16,1,0,0.0,0.35411434812750603,0.6122587116830538,0.5625,0.0,True,,0.0,0.0,9.392641185234963,tie
119_long_range_4q.qasm,baseline,4,6,26,8,0.01222029997734353,5,0,0,0.0,0.40476190476190477,0.58,0.6,0.0,True,,hybrid_qubo,4,6,26,8,0.02292040002066642,5,0,0,0.0,0.40476190476190477,0.58,0.6,0.0,True,,0.0,0.0,0.875600440509718,tie
120_long_range_11q.qasm,baseline,11,16,146,54,0.0410052000079304,14,0,0,0.0,0.3609821201207756,0.5941157572474267,0.6428571428571429,0.0,True,,hybrid_qubo,11,16,146,54,0.4591353999567218,14,1,0,0.0,0.3609821201207756,0.5941157572474267,0.6428571428571429,0.0,True,,0.0,0.0,10.197004279162767,tie
121_long_range_18q.qasm,baseline,18,27,319,135,0.11384730000281706,21,0,0,0.0,0.3695393795912229,0.633783254271548,0.5238095238095238,0.0,True,,hybrid_qubo,18,27,319,135,0.20864790002815425,21,1,0,0.0,0.3695393795912229,0.633783254271548,0.5238095238095238,0.0,True,,0.0,0.0,0.8326995899155396,tie
122_long_range_8q.qasm,baseline,8,12,56,18,0.028941199998371303,6,0,0,0.0,0.40775335775335775,0.6538720538720538,0.6666666666666666,0.0,True,,hybrid_qubo,8,12,56,18,0.16249399998923764,6,1,0,0.0,0.40775335775335775,0.6538720538720538,0.6666666666666666,0.0,True,,0.0,0.0,4.6146255165087195,tie
123_layered_15q.qasm,baseline,15,21,179,62,0.06176549999509007,18,0,0,0.0,0.3718376876271613,0.5939646228861916,0.7777777777777778,0.0,True,,hybrid_qubo,15,21,174,57,0.3481486000237055,17,1,1,1.0,0.3495928457228767,0.5574751469215137,0.7647058823529411,0.027932960893854747,True,,0.027932960893854747,0.08064516129032258,4.63661914906187,tie
124_layered_5q.qasm,baseline,5,8,26,10,0.015185999975074083,6,0,0,0.0,0.5158730158730158,0.7888888888888889,0.8333333333333334,0.0,True,,hybrid_qubo,5,8,26,10,0.9556042000185698,6,3,0,0.0,0.5158730158730158,0.7888888888888889,0.8333333333333334,0.0,True,,0.0,0.0,61.9266562351557,tie
125_layered_12q.qasm,baseline,12,30,300,103,0.08110700000543147,32,0,0,0.0,0.38160136738261735,0.6293602488375506,0.78125,0.0,True,,hybrid_qubo,12,30,280,92,5.8719751999597065,27,10,2,0.2,0.39582560801159833,0.672660070713495,0.7777777777777778,0.06666666666666667,True,,0.06666666666666667,0.10679611650485436,71.3978842709813,qubo_wins
126_layered_19q.qasm,baseline,19,54,976,350,0.24152599996887147,57,0,0,0.0,0.3522145528535363,0.5818540263845139,0.7719298245614035,0.0,True,,hybrid_qubo,19,54,976,356,3.2042513999622315,60,7,3,0.42857142857142855,0.3646038252108595,0.6027613250652881,0.7833333333333333,0.0,True,,0.0,-0.017142857142857144,12.266693442425263,tie
127_layered_9q.qasm,baseline,9,12,86,31,0.028411499981302768,11,0,0,0.0,0.3668504475322657,0.5883244206773618,0.6363636363636364,0.0,True,,hybrid_qubo,9,12,86,31,0.3171642000088468,11,1,0,0.0,0.3668504475322657,0.5883244206773618,0.6363636363636364,0.0,True,,0.0,0.0,10.163233205482582,tie
128_layered_16q.qasm,baseline,16,32,345,156,0.09355509997112677,31,0,0,0.0,0.4022845904209889,0.6843278852086312,0.8709677419354839,0.0,True,,hybrid_qubo,16,32,345,153,1.0086551000131294,31,2,1,0.5,0.40283601032724753,0.6854196966230233,0.8709677419354839,0.0,True,,0.0,0.019230769230769232,9.781401551860062,tie
129_layered_6q.qasm,baseline,6,15,62,24,0.027195200033020228,12,0,0,0.0,0.44710266585266584,0.6805735930735931,0.75,0.0,True,,hybrid_qubo,6,15,63,21,0.5609834999777377,11,3,1,0.3333333333333333,0.4624958374958375,0.7247671520398793,0.8181818181818182,-0.016129032258064516,True,,-0.016129032258064516,0.125,19.6280335977156,tie
130_layered_13q.qasm,baseline,13,36,338,115,0.11348699999507517,30,0,0,0.0,0.36222052347759326,0.5852300434488372,0.7333333333333333,0.0,True,,hybrid_qubo,13,36,339,115,1.7988388999947347,30,4,1,0.25,0.3649045913590296,0.5886366368554307,0.7333333333333333,-0.0029585798816568047,True,,-0.0029585798816568047,0.0,14.850616370798384,tie
131_layered_20q.qasm,baseline,20,30,450,164,0.09819709998555481,28,0,0,0.0,0.32839412705484133,0.5594315952118262,0.8214285714285714,0.0,True,,hybrid_qubo,20,30,452,164,1.0638566999696195,28,2,1,0.5,0.33169587632597836,0.5663033879052787,0.8214285714285714,-0.0044444444444444444,True,,-0.0044444444444444444,0.0,9.833891226177933,tie
132_layered_10q.qasm,baseline,10,20,134,46,0.03152979997685179,17,0,0,0.0,0.4138155437613642,0.6544902809608691,0.7058823529411765,0.0,True,,hybrid_qubo,10,20,128,59,3.297288200003095,19,7,3,0.42857142857142855,0.4635181954087771,0.7673425989215463,0.7894736842105263,0.04477611940298507,True,,0.04477611940298507,-0.2826086956521739,103.57688289884054,tie
133_layered_17q.qasm,baseline,17,40,393,242,0.12849020003341138,47,0,0,0.0,0.4975074861462451,0.8578612223719879,0.851063829787234,0.0,True,,hybrid_qubo,17,40,432,201,7.24631539999973,47,12,4,0.3333333333333333,0.44564967143134493,0.7351043045787976,0.8723404255319149,-0.09923664122137404,True,,-0.09923664122137404,0.16942148760330578,55.39586052567018,qubo_loses
134_layered_7q.qasm,baseline,7,18,95,34,0.029385900008492172,14,0,0,0.0,0.4119009749648847,0.6348072562358277,0.7142857142857143,0.0,True,,hybrid_qubo,7,18,104,41,0.7403403000207618,15,3,1,0.3333333333333333,0.41586948139579716,0.6466178266178266,0.7333333333333333,-0.09473684210526316,True,,-0.09473684210526316,-0.20588235294117646,24.19372555568529,qubo_loses
135_layered_14q.qasm,baseline,14,21,254,105,0.07171049999305978,21,0,0,0.0,0.41527117688771825,0.6949779707498012,0.7619047619047619,0.0,True,,hybrid_qubo,14,21,238,104,0.49604830000316724,21,2,1,0.5,0.3999922388017626,0.6721149223965568,0.8095238095238095,0.06299212598425197,True,,0.06299212598425197,0.009523809523809525,5.917373328190088,qubo_wins
136_layered_4q.qasm,baseline,4,8,22,8,0.01174320001155138,6,0,0,0.0,0.49206349206349204,0.7222222222222222,0.6666666666666666,0.0,True,,hybrid_qubo,4,8,22,8,0.26675409998279065,6,2,0,0.0,0.49206349206349204,0.7222222222222222,0.6666666666666666,0.0,True,,0.0,0.0,21.71562263440918,tie
137_layered_11q.qasm,baseline,11,25,220,73,0.07438649999676272,24,0,0,0.0,0.45218794892707936,0.7357057974705034,0.75,0.0,True,,hybrid_qubo,11,25,203,119,12.493334600003436,28,17,2,0.11764705882352941,0.5115683566703579,0.895956523635095,0.8928571428571429,0.07727272727272727,True,,0.07727272727272727,-0.6301369863013698,166.9516390816498,qubo_wins
138_layered_18q.qasm,baseline,18,54,677,280,0.21682359999977052,52,0,0,0.0,0.3957908975942046,0.6661325255590355,0.8846153846153846,0.0,True,,hybrid_qubo,18,54,677,280,1.397991300036665,52,4,0,0.0,0.3957908975942046,0.6661325255590355,0.8846153846153846,0.0,True,,0.0,0.0,5.447597494175655,tie
139_layered_8q.qasm,baseline,8,12,92,24,0.05255420005414635,9,0,0,0.0,0.3415251090689687,0.5030137981118373,0.6666666666666666,0.0,True,,hybrid_qubo,8,12,92,24,0.0402287999750115,9,0,0,0.0,0.3415251090689687,0.5030137981118373,0.6666666666666666,0.0,True,,0.0,0.0,-0.23452740345083833,tie
140_layered_15q.qasm,baseline,15,28,295,120,0.08610680000856519,28,0,0,0.0,0.38440356960264116,0.6183512915655773,0.7857142857142857,0.0,True,,hybrid_qubo,15,28,295,120,0.22569300001487136,28,1,0,0.0,0.38440356960264116,0.6183512915655773,0.7857142857142857,0.0,True,,0.0,0.0,1.621082190865545,tie
141_layered_5q.qasm,baseline,5,10,34,8,0.013052599970251322,6,0,0,0.0,0.3735449735449735,0.49722222222222223,0.3333333333333333,0.0,True,,hybrid_qubo,5,10,34,8,0.037769999995362014,6,0,0,0.0,0.3735449735449735,0.49722222222222223,0.3333333333333333,0.0,True,,0.0,0.0,1.8936763619083599,tie
142_layered_12q.qasm,baseline,12,36,316,130,0.09012920001987368,30,0,0,0.0,0.4026616393675364,0.6674478575355768,0.8666666666666667,0.0,True,,hybrid_qubo,12,36,316,130,0.20857079996494576,30,1,0,0.0,0.4026616393675364,0.6674478575355768,0.8666666666666667,0.0,True,,0.0,0.0,1.3141312684341528,tie
143_layered_19q.qasm,baseline,19,27,234,87,0.05548420001287013,19,0,0,0.0,0.37655644200521476,0.618843677822006,0.8947368421052632,0.0,True,,hybrid_qubo,19,27,234,87,1.7640159000293352,19,2,0,0.0,0.37655644200521476,0.618843677822006,0.8947368421052632,0.0,True,,0.0,0.0,30.793121278132396,tie
144_layered_9q.qasm,baseline,9,16,75,26,0.027859199966769665,10,0,0,0.0,0.45242698477992593,0.7037121212121212,0.8,0.0,True,,hybrid_qubo,9,16,75,26,0.41405140003189445,10,3,0,0.0,0.45242698477992593,0.7037121212121212,0.8,0.0,True,,0.0,0.0,13.86228608595269,tie
145_layered_16q.qasm,baseline,16,40,438,191,0.13527379999868572,37,0,0,0.0,0.3845971778927315,0.6364104696385924,0.8378378378378378,0.0,True,,hybrid_qubo,16,40,438,191,0.3861649999744259,37,2,0,0.0,0.3845971778927315,0.6364104696385924,0.8378378378378378,0.0,True,,0.0,0.0,1.8546917435466272,tie
146_layered_6q.qasm,baseline,6,18,100,23,0.05106079997494817,12,0,0,0.0,0.35348124098124095,0.5113395863395863,0.6666666666666666,0.0,True,,hybrid_qubo,6,18,100,23,0.03054780000820756,12,0,0,0.0,0.35348124098124095,0.5113395863395863,0.6666666666666666,0.0,True,,0.0,0.0,-0.40173675259308217,tie
147_layered_13q.qasm,baseline,13,18,140,61,0.04290599998785183,18,0,0,0.0,0.41568647401980735,0.6521816962993433,0.6666666666666666,0.0,True,,hybrid_qubo,13,18,140,61,1.9780592999886721,18,2,0,0.0,0.41568647401980735,0.6521816962993433,0.6666666666666666,0.0,True,,0.0,0.0,45.10216054977693,tie
148_layered_20q.qasm,baseline,20,40,557,229,0.15292860002955422,39,0,0,0.0,0.3854279689724002,0.6562799762817967,0.8205128205128205,0.0,True,,hybrid_qubo,20,40,557,229,2.0673479000106454,39,4,0,0.0,0.3854279689724002,0.6562799762817967,0.8205128205128205,0.0,True,,0.0,0.0,12.518386355535329,tie
149_layered_10q.qasm,baseline,10,25,192,85,0.0980517000425607,27,0,0,0.0,0.44499481999482,0.723253169004803,0.8518518518518519,0.0,True,,hybrid_qubo,10,25,178,68,1.9525001000147313,25,5,2,0.4,0.4266867446279211,0.6816864714233135,0.8,0.07291666666666667,True,,0.07291666666666667,0.2,18.912965294505057,qubo_wins
150_layered_17q.qasm,baseline,17,48,500,230,0.15404860000126064,51,0,0,0.0,0.4328069252227846,0.7397543855201841,0.9019607843137255,0.0,True,,hybrid_qubo,17,48,500,236,10.75465100002475,53,18,2,0.1111111111111111,0.4385770142979356,0.7495749747458376,0.9056603773584906,0.0,True,,0.0,-0.02608695652173913,68.81336409377782,tie
151_layered_7q.qasm,baseline,7,9,53,18,0.01694509998196736,8,0,0,0.0,0.45714285714285713,0.7018413775766716,0.75,0.0,True,,hybrid_qubo,7,9,53,18,0.2705670000286773,8,2,0,0.0,0.45714285714285713,0.7018413775766716,0.75,0.0,True,,0.0,0.0,14.967270793126588,tie
152_layered_14q.qasm,baseline,14,28,312,116,0.08117860002676025,26,0,0,0.0,0.3691413428332933,0.6061412928558315,0.7692307692307693,0.0,True,,hybrid_qubo,14,28,312,116,0.34508129995083436,26,2,0,0.0,0.3691413428332933,0.6061412928558315,0.7692307692307693,0.0,True,,0.0,0.0,3.25089001087823,tie
153_layered_4q.qasm,baseline,4,10,30,12,0.01066030003130436,8,0,0,0.0,0.4982142857142857,0.75,0.75,0.0,True,,hybrid_qubo,4,10,27,9,1.273114700044971,7,2,1,0.5,0.4741496598639456,0.7142857142857143,0.7142857142857143,0.1,True,,0.1,0.25,118.42578504417543,qubo_wins
154_layered_11q.qasm,baseline,11,30,252,89,0.07908539997879416,28,0,0,0.0,0.4138720036996519,0.6575219976328001,0.8928571428571429,0.0,True,,hybrid_qubo,11,30,254,86,1.2163826000178233,28,5,1,0.2,0.41268152750917564,0.655537870648673,0.8928571428571429,-0.007936507936507936,True,,-0.007936507936507936,0.033707865168539325,14.380621459131298,tie
155_layered_18q.qasm,baseline,18,27,420,153,0.1095672000083141,26,0,0,0.0,0.36446828982266194,0.6206974818091954,0.8076923076923077,0.0,True,,hybrid_qubo,18,27,423,151,1.1676006999914534,26,3,1,0.3333333333333333,0.36416336219215295,0.620101178887311,0.8076923076923077,-0.007142857142857143,True,,-0.007142857142857143,0.013071895424836602,9.656480223122013,tie
156_layered_8q.qasm,baseline,8,16,88,34,0.08447459997842088,12,0,0,0.0,0.3984759929612871,0.6168740981240981,0.8333333333333334,0.0,True,,hybrid_qubo,8,16,88,34,0.04072140000062063,12,0,0,0.0,0.3984759929612871,0.6168740981240981,0.8333333333333334,0.0,True,,0.0,0.0,-0.5179450389700223,tie
157_layered_15q.qasm,baseline,15,35,518,180,0.11389759997837245,35,0,0,0.0,0.34231349747979956,0.5747538934981238,0.8571428571428571,0.0,True,,hybrid_qubo,15,35,518,187,1.777687399997376,38,4,2,0.5,0.3659297733197884,0.6119144712841571,0.868421052631579,0.0,True,,0.0,-0.03888888888888889,14.60776873555662,tie
158_layered_5q.qasm,baseline,5,12,52,21,0.01691979996394366,10,0,0,0.0,0.4871428571428571,0.7744444444444445,0.8,0.0,True,,hybrid_qubo,5,12,53,19,1.7200563000515103,11,4,1,0.25,0.4909090909090909,0.7767676767676768,0.8181818181818182,-0.019230769230769232,True,,-0.019230769230769232,0.09523809523809523,100.65937562601067,tie
159_layered_12q.qasm,baseline,12,18,154,63,0.058975899999495596,14,0,0,0.0,0.39723596587253573,0.6818350417089913,0.8571428571428571,0.0,True,,hybrid_qubo,12,18,154,63,0.8945776000036858,14,3,0,0.0,0.39723596587253573,0.6818350417089913,0.8571428571428571,0.0,True,,0.0,0.0,14.168528161695487,tie
160_layered_19q.qasm,baseline,19,36,525,184,0.12734599999384955,34,0,0,0.0,0.35352502483360815,0.5834161281813475,0.7941176470588235,0.0,True,,hybrid_qubo,19,36,525,184,0.25248350005131215,34,1,0,0.0,0.35352502483360815,0.5834161281813475,0.7941176470588235,0.0,True,,0.0,0.0,0.9826574848327108,tie
161_layered_9q.qasm,baseline,9,20,135,46,0.04177830001572147,17,0,0,0.0,0.4008416420181126,0.6261987147800296,0.7647058823529411,0.0,True,,hybrid_qubo,9,20,135,46,0.9861317999893799,17,2,0,0.0,0.4008416420181126,0.6261987147800296,0.7647058823529411,0.0,True,,0.0,0.0,22.603923558840155,tie
162_random_16q.qasm,baseline,16,32,341,137,0.08859679999295622,27,0,0,0.0,0.3720163271715559,0.6167707696611405,0.8518518518518519,0.0,True,,hybrid_qubo,16,32,341,137,0.5580273999948986,27,2,0,0.0,0.3720163271715559,0.6167707696611405,0.8518518518518519,0.0,True,,0.0,0.0,5.2985051383262585,tie
163_random_6q.qasm,baseline,6,18,75,20,0.020215400028973818,11,0,0,0.0,0.36618305936487755,0.5166863439590712,0.45454545454545453,0.0,True,,hybrid_qubo,6,18,75,20,0.020749100018292665,11,0,0,0.0,0.36618305936487755,0.5166863439590712,0.45454545454545453,0.0,True,,0.0,0.0,0.026400664273470653,tie
164_random_13q.qasm,baseline,13,52,516,217,0.13838099996792153,51,0,0,0.0,0.41327906662471725,0.6894207186923854,0.8627450980392157,0.0,True,,hybrid_qubo,13,52,529,222,3.7638908999506384,56,10,2,0.2,0.4263791499617961,0.7062743882896563,0.8214285714285714,-0.025193798449612403,True,,-0.025193798449612403,-0.02304147465437788,26.199477535378094,tie
165_random_20q.qasm,baseline,20,100,1404,657,0.34794040000997484,101,0,0,0.0,0.4185251082742728,0.7220428647833216,0.8811881188118812,0.0,True,,hybrid_qubo,20,100,1409,638,6.294886899995618,97,14,3,0.21428571428571427,0.4187669591920436,0.7236564913993231,0.9072164948453608,-0.0035612535612535613,True,,-0.0035612535612535613,0.0289193302891933,17.091853949168176,tie
166_random_10q.qasm,baseline,10,20,157,69,0.04925599996931851,18,0,0,0.0,0.42267556407778284,0.7054354596021263,0.9444444444444444,0.0,True,,hybrid_qubo,10,20,157,69,0.4840657999739051,18,2,0,0.0,0.42267556407778284,0.7054354596021263,0.9444444444444444,0.0,True,,0.0,0.0,8.827549948745919,tie
167_random_17q.qasm,baseline,17,51,458,257,0.14269740000599995,53,0,0,0.0,0.4562559110261484,0.779775747771453,0.7924528301886793,0.0,True,,hybrid_qubo,17,51,472,266,16.776883399987128,54,15,2,0.13333333333333333,0.458912784346318,0.7880145895278035,0.7962962962962963,-0.03056768558951965,True,,-0.03056768558951965,-0.03501945525291829,116.56965017780082,tie
168_random_7q.qasm,baseline,7,28,133,63,0.04788979998556897,31,0,0,0.0,0.4884162432549529,0.7471652003910069,0.6774193548387096,0.0,True,,hybrid_qubo,7,28,146,63,3.879850899975281,34,10,6,0.6,0.4891518612106847,0.7616628469569646,0.7352941176470589,-0.09774436090225563,True,,-0.09774436090225563,0.0,80.01622686134478,qubo_loses
169_random_14q.qasm,baseline,14,70,818,296,0.2080564999487251,73,0,0,0.0,0.3884836318166824,0.6322271689655407,0.8082191780821918,0.0,True,,hybrid_qubo,14,70,800,322,2.1391803000005893,73,6,2,0.3333333333333333,0.4012302416967585,0.6631832975222838,0.8356164383561644,0.022004889975550123,True,,0.022004889975550123,-0.08783783783783784,9.28172780243724,tie
170_random_4q.qasm,baseline,4,8,41,9,0.011216600018087775,6,0,0,0.0,0.28227513227513223,0.375,0.6666666666666666,0.0,True,,hybrid_qubo,4,8,41,9,0.014874899992719293,6,0,0,0.0,0.28227513227513223,0.375,0.6666666666666666,0.0,True,,0.0,0.0,0.326150524109996,tie
171_random_11q.qasm,baseline,11,33,263,101,0.06812339997850358,31,0,0,0.0,0.41433652369136237,0.6549739677413701,0.7419354838709677,0.0,True,,hybrid_qubo,11,33,263,101,0.4754658999736421,31,3,0,0.0,0.41433652369136237,0.6549739677413701,0.7419354838709677,0.0,True,,0.0,0.0,5.97947988684763,tie
172_random_18q.qasm,baseline,18,72,911,397,0.2453642000327818,71,0,0,0.0,0.407701696248992,0.6961023898218919,0.8309859154929577,0.0,True,,hybrid_qubo,18,72,889,381,15.231904399988707,75,13,4,0.3076923076923077,0.4105779226422434,0.6881381471549862,0.8266666666666667,0.024149286498353458,True,,0.024149286498353458,0.04030226700251889,61.07875638725476,tie
173_random_8q.qasm,baseline,8,40,232,105,0.11760729999514297,36,0,0,0.0,0.4558459003634442,0.7491481104226202,0.8888888888888888,0.0,True,,hybrid_qubo,8,40,237,104,3.1816706000245176,38,7,2,0.2857142857142857,0.4545260756479593,0.737497040283418,0.868421052631579,-0.021551724137931036,True,,-0.021551724137931036,0.009523809523809525,26.05334277851729,tie
174_random_15q.qasm,baseline,15,30,283,117,0.08047789998818189,29,0,0,0.0,0.427723185918353,0.6914630965188646,0.7586206896551724,0.0,True,,hybrid_qubo,15,30,283,117,0.9793494999757968,29,4,0,0.0,0.427723185918353,0.6914630965188646,0.7586206896551724,0.0,True,,0.0,0.0,11.169173153370222,tie
175_random_5q.qasm,baseline,5,15,60,21,0.021306400012690574,11,0,0,0.0,0.4156843156843157,0.6104895104895105,0.6363636363636364,0.0,True,,hybrid_qubo,5,15,60,21,0.6646731999935582,11,1,0,0.0,0.4156843156843157,0.6104895104895105,0.6363636363636364,0.0,True,,0.0,0.0,30.19594110678781,tie
176_random_12q.qasm,baseline,12,48,581,183,0.1557094000163488,51,0,0,0.0,0.3874538026724713,0.6232600771349779,0.8235294117647058,0.0,True,,hybrid_qubo,12,48,590,189,5.57522409997182,55,12,4,0.3333333333333333,0.4000834251043724,0.6461138897069795,0.8181818181818182,-0.01549053356282272,True,,-0.01549053356282272,-0.03278688524590164,34.80531489676568,tie
177_random_19q.qasm,baseline,19,95,1282,590,0.36074499995447695,103,0,0,0.0,0.44450914006453973,0.7703703679589051,0.8737864077669902,0.0,True,,hybrid_qubo,19,95,1274,566,32.61675159999868,103,26,2,0.07692307692307693,0.4416961897000399,0.7558887069742978,0.8543689320388349,0.0062402496099844,True,,0.0062402496099844,0.04067796610169491,89.41497901319393,tie
178_random_9q.qasm,baseline,9,18,177,61,0.05207999999402091,18,0,0,0.0,0.3956624077676709,0.6353668553668553,0.6666666666666666,0.0,True,,hybrid_qubo,9,18,177,61,0.606346900050994,18,2,0,0.0,0.3956624077676709,0.6353668553668553,0.6666666666666666,0.0,True,,0.0,0.0,10.64260560907462,tie
179_random_16q.qasm,baseline,16,48,657,224,0.1517384999897331,48,0,0,0.0,0.3647782464346949,0.5997914000010233,0.75,0.0,True,,hybrid_qubo,16,48,662,221,1.026294399984181,48,4,1,0.25,0.3632901511965997,0.5970136222232455,0.75,-0.0076103500761035,True,,-0.0076103500761035,0.013392857142857142,5.763572857604509,tie
180_random_6q.qasm,baseline,6,24,125,28,0.0340293999761343,17,0,0,0.0,0.3490079365079365,0.48302351243527714,0.47058823529411764,0.0,True,,hybrid_qubo,6,24,125,27,0.3276480999775231,18,1,1,1.0,0.360601512684846,0.5008016674683341,0.5,0.0,True,,0.0,0.03571428571428571,8.628383110113937,tie
181_random_13q.qasm,baseline,13,65,563,243,0.1618912999983877,61,0,0,0.0,0.41356963942398406,0.6796783812786861,0.9016393442622951,0.0,True,,hybrid_qubo,13,65,566,241,3.100376199989114,63,11,1,0.09090909090909091,0.421871879048308,0.6906031794542683,0.9047619047619048,-0.0053285968028419185,True,,-0.0053285968028419185,0.00823045267489712,18.150974759113005,tie
182_random_20q.qasm,baseline,20,40,463,211,0.12243869999656454,36,0,0,0.0,0.4029186546770181,0.682683020072644,0.8055555555555556,0.0,True,,hybrid_qubo,20,40,455,212,2.882665600045584,40,5,2,0.4,0.40909415511747166,0.6854756671218529,0.8,0.017278617710583154,True,,0.017278617710583154,-0.004739336492890996,22.54374556513968,tie
183_random_10q.qasm,baseline,10,30,353,122,0.08573659998364747,33,0,0,0.0,0.3903235890884112,0.6364801944670764,0.7878787878787878,0.0,True,,hybrid_qubo,10,30,354,121,1.7068027000059374,33,6,1,0.16666666666666666,0.39165917342794815,0.6342886842541757,0.7878787878787878,-0.0028328611898017,True,,-0.0028328611898017,0.00819672131147541,18.90751558064439,tie
184_random_17q.qasm,baseline,17,68,832,371,0.21131300000706688,66,0,0,0.0,0.4187430810141694,0.7231107247115086,0.8181818181818182,0.0,True,,hybrid_qubo,17,68,911,361,5.092744500027038,72,13,5,0.38461538461538464,0.4029269189105417,0.6834147230903814,0.75,-0.09495192307692307,True,,-0.09495192307692307,0.026954177897574125,23.100478909753413,qubo_loses
185_random_7q.qasm,baseline,7,35,177,77,0.06293710001045838,33,0,0,0.0,0.4652424620339059,0.7285604967423149,0.8787878787878788,0.0,True,,hybrid_qubo,7,35,175,75,2.5759009000030346,33,8,1,0.125,0.46734683913828295,0.7328895010713192,0.8787878787878788,0.011299435028248588,True,,0.011299435028248588,0.025974025974025976,39.92817907998609,tie
186_random_14q.qasm,baseline,14,28,206,80,0.08151459996588528,24,0,0,0.0,0.42127628563387076,0.6914947657691466,0.8333333333333334,0.0,True,,hybrid_qubo,14,28,208,79,0.9847014000406489,24,2,1,0.5,0.41942443378201894,0.6889484694728503,0.8333333333333334,-0.009708737864077669,True,,-0.009708737864077669,0.0125,11.080061736826982,tie
187_random_4q.qasm,baseline,4,12,58,7,0.01643849996617064,5,0,0,0.0,0.2533333333333333,0.3277777777777778,0.2,0.0,True,,hybrid_qubo,4,12,58,7,0.014145200024358928,5,0,0,0.0,0.2533333333333333,0.3277777777777778,0.2,0.0,True,,0.0,0.0,-0.1395078593868767,tie
188_random_11q.qasm,baseline,11,44,374,139,0.10671040002489462,44,0,0,0.0,0.4265159090760695,0.6865356861074076,0.8409090909090909,0.0,True,,hybrid_qubo,11,44,408,140,1.5607544000376947,44,5,1,0.2,0.3949196860000088,0.624483314548997,0.8409090909090909,-0.09090909090909091,True,,-0.09090909090909091,-0.007194244604316547,13.626075805859449,qubo_loses
189_random_18q.qasm,baseline,18,90,1341,512,0.34373590000905097,83,0,0,0.0,0.3713872168522911,0.6309619995908924,0.8192771084337349,0.0,True,,hybrid_qubo,18,90,1351,524,2.8641544000129215,86,7,1,0.14285714285714285,0.3823601287823315,0.6485607206655118,0.8255813953488372,-0.007457121551081283,True,,-0.007457121551081283,-0.0234375,7.332427308109235,tie
190_random_8q.qasm,baseline,8,16,109,39,0.0543453999562189,12,0,0,0.0,0.38857057974705034,0.6177153728624317,0.9166666666666666,0.0,True,,hybrid_qubo,8,16,109,39,0.0457641999819316,12,0,0,0.0,0.38857057974705034,0.6177153728624317,0.9166666666666666,0.0,True,,0.0,0.0,-0.1579011283604571,tie
191_random_15q.qasm,baseline,15,45,369,143,0.07870180002646521,40,0,0,0.0,0.41544684779052626,0.6765028435616671,0.8,0.0,True,,hybrid_qubo,15,45,369,143,4.166876100003719,40,9,0,0.0,0.41544684779052626,0.6765028435616671,0.8,0.0,True,,0.0,0.0,51.94511813710126,tie
192_random_5q.qasm,baseline,5,20,64,33,0.024467799987178296,18,0,0,0.0,0.5142857142857142,0.7895061728395062,0.7222222222222222,0.0,True,,hybrid_qubo,5,20,68,31,5.096862200007308,19,12,5,0.4166666666666667,0.5411654135338345,0.8712614870509607,0.7894736842105263,-0.0625,True,,-0.0625,0.06060606060606061,207.3089694487524,qubo_loses
193_random_12q.qasm,baseline,12,60,579,214,0.16095900000073016,54,0,0,0.0,0.3984814304699228,0.6527309544009364,0.8518518518518519,0.0,True,,hybrid_qubo,12,60,581,211,2.939311699999962,54,7,1,0.14285714285714285,0.3973240230625154,0.6481454164820651,0.8333333333333334,-0.0034542314335060447,True,,-0.0034542314335060447,0.014018691588785047,17.261244788962582,tie
194_random_19q.qasm,baseline,19,38,407,171,0.0997203000006266,29,0,0,0.0,0.3931690646251945,0.6799459977886055,0.8275862068965517,0.0,True,,hybrid_qubo,19,38,407,171,1.3909197999746539,29,4,0,0.0,0.3931690646251945,0.6799459977886055,0.8275862068965517,0.0,True,,0.0,0.0,12.94821114623516,tie
195_random_9q.qasm,baseline,9,27,162,67,0.05210620001889765,21,0,0,0.0,0.4475139018924954,0.7352004438138892,0.8095238095238095,0.0,True,,hybrid_qubo,9,27,162,67,3.09968010004377,21,6,0,0.0,0.4475139018924954,0.7352004438138892,0.8095238095238095,0.0,True,,0.0,0.0,58.487740401710184,tie
196_random_16q.qasm,baseline,16,64,915,364,0.21227969997562468,64,0,0,0.0,0.375508587866544,0.646660600641435,0.84375,0.0,True,,hybrid_qubo,16,64,934,350,1.737247999990359,65,6,1,0.16666666666666666,0.3650406505959407,0.6092905348201711,0.7692307692307693,-0.020765027322404372,True,,-0.020765027322404372,0.038461538461538464,7.183768868101099,tie
197_random_6q.qasm,baseline,6,30,187,59,0.06602420000126585,28,0,0,0.0,0.403403293135436,0.6095856524427953,0.8928571428571429,0.0,True,,hybrid_qubo,6,30,190,67,3.5223597000003792,35,10,4,0.4,0.4558001918716204,0.7022036693465264,0.8,-0.016042780748663103,True,,-0.016042780748663103,-0.13559322033898305,52.34952487016649,tie
198_random_13q.qasm,baseline,13,26,356,141,0.09189139999216422,26,0,0,0.0,0.3953694031171546,0.6608303885965234,0.7692307692307693,0.0,True,,hybrid_qubo,13,26,356,141,0.6836975000333041,26,3,0,0.0,0.3953694031171546,0.6608303885965234,0.7692307692307693,0.0,True,,0.0,0.0,6.440277328363747,tie
199_random_20q.qasm,baseline,20,60,772,365,0.22615800000494346,64,0,0,0.0,0.43537055913141637,0.7320848396993385,0.765625,0.0,True,,hybrid_qubo,20,60,772,365,12.17431689996738,64,12,0,0.0,0.43537055913141637,0.7320848396993385,0.765625,0.0,True,,0.0,0.0,52.83102476897243,tie
200_random_10q.qasm,baseline,10,40,283,110,0.0994102000258863,37,0,0,0.0,0.44152815561854464,0.7053135895241158,0.8108108108108109,0.0,True,,hybrid_qubo,10,40,328,120,3.0232663999777287,40,7,2,0.2857142857142857,0.41786172328703286,0.6522978666599948,0.775,-0.15901060070671377,True,,-0.15901060070671377,-0.09090909090909091,29.412034169436073,qubo_loses
basic_2qubit.qasm,baseline,4,2,2,0,0.0023994999937713146,0,0,0,0.0,0.0,0.0,0.0,0.0,True,,hybrid_qubo,4,2,2,0,0.025524399999994785,0,0,0,0.0,0.0,0.0,0.0,0.0,True,,0.0,0.0,9.637382815691476,tie
congestion.qasm,baseline,5,4,14,5,0.00587749999249354,3,0,0,0.0,0.4444444444444444,0.6262626262626262,0.6666666666666666,0.0,True,,hybrid_qubo,5,4,14,5,0.008333800011314452,3,0,0,0.0,0.4444444444444444,0.6262626262626262,0.6666666666666666,0.0,True,,0.0,0.0,0.41791578425486686,tie
high_contention.qasm,baseline,8,8,64,24,0.02687800000421703,6,0,0,0.0,0.35505430242272346,0.596031746031746,0.5,0.0,True,,hybrid_qubo,8,8,64,24,0.030326000007335097,6,0,0,0.0,0.35505430242272346,0.596031746031746,0.5,0.0,True,,0.0,0.0,0.12828335451213246,tie
large_benchmark.qasm,baseline,10,12,128,44,0.028104099968913943,11,0,0,0.0,0.3868363146099278,0.6422668240850059,0.6363636363636364,0.0,True,,hybrid_qubo,10,12,128,44,0.16104929998982698,11,1,0,0.0,0.3868363146099278,0.6422668240850059,0.6363636363636364,0.0,True,,0.0,0.0,4.730455704611222,tie
linear_chain.qasm,baseline,4,3,11,3,0.006786399986594915,2,0,0,0.0,0.44285714285714284,0.6666666666666666,0.5,0.0,True,,hybrid_qubo,4,3,14,5,0.6499316000263207,4,1,1,1.0,0.4464285714285714,0.625,0.5,-0.2727272727272727,True,,-0.2727272727272727,-0.6666666666666666,94.7697160954441,qubo_loses
long_distance.qasm,baseline,4,2,8,2,0.0037617000052705407,1,0,0,0.0,0.3333333333333333,0.5,0.0,0.0,True,,hybrid_qubo,4,2,8,2,0.003234500007238239,1,0,0,0.0,0.3333333333333333,0.5,0.0,0.0,True,,0.0,0.0,-0.1401493998175396,tie
repeated_interactions.qasm,baseline,6,6,42,13,0.015256299986504018,5,0,0,0.0,0.33406593406593404,0.5142857142857142,0.4,0.0,True,,hybrid_qubo,6,6,42,13,0.014455199998337775,5,0,0,0.0,0.33406593406593404,0.5142857142857142,0.4,0.0,True,,0.0,0.0,-0.05250945438113497,tie
